| designOverallArea | saveArea | saveRatio | patternCnt | patternSize | patternCoverage | patternName | patternCode |
| 59582.63382000119 | 3454.9759999999997 | 6.472280836370343 | 964 | 5 | 4820 | COMPLEX25 | [NAND3X1,NAND2X1,AOI22X1,NAND2X1]+c0o0_MUX2X1 |
| 59582.63382000119 | 2080.768 | 3.8979474390944104 | 1016 | 4 | 4064 | COMPLEX1 | [NAND3X1,NAND2X1,AOI22X1,NAND2X1] |
| 59582.63382000119 | 335.36000000000007 | 0.6282370995587695 | 131 | 4 | 524 | COMPLEX12 | [NAND3X1,NAND2X1,NAND2X1,NAND2X1] |
| 59582.63382000119 | 256.5119999999993 | 0.48052944561670624 | 501 | 2 | 1002 | COMPLEX2 | [INVX1,MUX2X1] |
