| designOverallArea | saveArea | saveRatio | patternCnt | patternSize | patternCoverage | patternName | patternCode |
| 3208.1854600000415 | 81.92000000000002 | 2.862766147790364 | 32 | 4 | 128 | COMPLEX17 | [NAND2X1,NAND2X1,OR2X1]+c2o0_OAI21X1 |
| 3208.1854600000415 | 67.584 | 2.3617820719270504 | 66 | 3 | 198 | COMPLEX0 | [NAND2X1,NAND2X1,OR2X1] |
| 3208.1854600000415 | 58.87999999999997 | 2.0576131687243224 | 23 | 5 | 115 | COMPLEX18 | [NAND2X1,NAND2X1,OR2X1]+c2o0_OAI21X1+c0o0_XNOR2X1 |
| 3208.1854600000415 | 38.912000000000035 | 1.3598139202004238 | 38 | 2 | 76 | COMPLEX1 | [OAI21X1,NAND2X1] |
