| designOverallArea | saveArea | saveRatio | patternCnt | patternSize | patternCoverage | patternName | patternCode |
| 10845.439779999746 | 854.0160000000008 | 8.261106433559434 | 139 | 8 | 1112 | COMPLEX26 | [NAND3X1,NAND3X1,NAND3X1,NAND3X1]+c1i0NAND2X1+c1i0NAND2X1+c2i0NAND2X1+c2i0NAND2X1 |
| 10845.439779999746 | 711.6800000000002 | 6.884255361299524 | 139 | 7 | 973 | COMPLEX25 | [NAND3X1,NAND3X1,NAND3X1,NAND3X1]+c1i0NAND2X1+c1i0NAND2X1+c2i0NAND2X1 |
| 10845.439779999746 | 640.5120000000001 | 6.195829825169571 | 139 | 6 | 834 | COMPLEX24 | [NAND3X1,NAND3X1,NAND3X1,NAND3X1]+c1i0NAND2X1+c1i0NAND2X1 |
| 10845.439779999746 | 498.1760000000002 | 4.818978752909668 | 139 | 5 | 695 | COMPLEX23 | [NAND3X1,NAND3X1,NAND3X1,NAND3X1]+c1i0NAND2X1 |
| 10845.439779999746 | 427.0080000000004 | 4.130553216779717 | 139 | 4 | 556 | COMPLEX6 | [NAND3X1,NAND3X1,NAND3X1,NAND3X1] |
| 10845.439779999746 | 263.68000000000006 | 2.5506413748699677 | 103 | 5 | 515 | COMPLEX7 | [AOI22X1,AOI21X1,NAND2X1,NAND2X1,AOI21X1] |
