| designOverallArea | saveArea | saveRatio | patternCnt | patternSize | patternCoverage | patternName | patternCode |
| 13033.001579999385 | 1284.608000000001 | 10.308558280948123 | 193 | 8 | 1544 | COMPLEX24 | [NAND3X1,NAND3X1,NAND3X1,NAND3X1]+c1i0NAND2X1+c1i0NAND2X1+c2i0NAND2X1+c2i0NAND2X1 |
| 13033.001579999385 | 1086.9760000000003 | 8.72262623772533 | 193 | 7 | 1351 | COMPLEX23 | [NAND3X1,NAND3X1,NAND3X1,NAND3X1]+c1i0NAND2X1+c1i0NAND2X1+c2i0NAND2X1 |
| 13033.001579999385 | 889.344 | 7.136694194502541 | 193 | 6 | 1158 | COMPLEX22 | [NAND3X1,NAND3X1,NAND3X1,NAND3X1]+c1i0NAND2X1+c1i0NAND2X1 |
| 13033.001579999385 | 592.8960000000002 | 4.757796129668361 | 193 | 5 | 965 | COMPLEX21 | [NAND3X1,NAND3X1,NAND3X1,NAND3X1]+c1i0NAND2X1 |
| 13033.001579999385 | 494.0800000000001 | 3.9648301080569675 | 193 | 4 | 772 | COMPLEX4 | [NAND3X1,NAND3X1,NAND3X1,NAND3X1] |
| 13033.001579999385 | 282.6240000000001 | 2.2679649944533122 | 92 | 5 | 460 | COMPLEX8 | [AOI22X1,AOI21X1,NAND2X1,NAND2X1,AOI21X1] |
