<?xml version="1.0" encoding="UTF-8"?>
<configurationDescriptor version="90">
  <logicalFolder name="root" displayName="root" projectFiles="true" kind="ROOT">
    <logicalFolder name="HeaderFiles"
                   displayName="Header Files"
                   projectFiles="true">
    </logicalFolder>
    <logicalFolder name="ResourceFiles"
                   displayName="Resource Files"
                   projectFiles="true">
    </logicalFolder>
    <logicalFolder name="src" displayName="src" projectFiles="true">
      <itemPath>src/autocell2.cpp</itemPath>
      <itemPath>src/autocell2.h</itemPath>
      <itemPath>src/cellnetlst.cpp</itemPath>
      <itemPath>src/cellnetlst.h</itemPath>
      <itemPath>src/cif.cpp</itemPath>
      <itemPath>src/cif.h</itemPath>
      <itemPath>src/circuit.cpp</itemPath>
      <itemPath>src/circuit.h</itemPath>
      <itemPath>src/clayout.cpp</itemPath>
      <itemPath>src/clayout.h</itemPath>
      <itemPath>src/compaction.cpp</itemPath>
      <itemPath>src/compaction.h</itemPath>
      <itemPath>src/designmng.cpp</itemPath>
      <itemPath>src/designmng.h</itemPath>
      <itemPath>src/draw.cpp</itemPath>
      <itemPath>src/draw.h</itemPath>
      <itemPath>src/gds.cpp</itemPath>
      <itemPath>src/gds.h</itemPath>
      <itemPath>src/icpdApp.cpp</itemPath>
      <itemPath>src/icpdApp.h</itemPath>
      <itemPath>src/icpdfrm.cpp</itemPath>
      <itemPath>src/icpdfrm.h</itemPath>
      <itemPath>src/lef.cpp</itemPath>
      <itemPath>src/lef.h</itemPath>
      <itemPath>src/pathfinder.cpp</itemPath>
      <itemPath>src/pathfinder.h</itemPath>
      <itemPath>src/pathfinder2.cpp</itemPath>
      <itemPath>src/pathfinder2.h</itemPath>
      <itemPath>src/placer.cpp</itemPath>
      <itemPath>src/placer.h</itemPath>
      <itemPath>src/router.cpp</itemPath>
      <itemPath>src/router.h</itemPath>
      <itemPath>src/rules.cpp</itemPath>
      <itemPath>src/rules.h</itemPath>
      <itemPath>src/spice.cpp</itemPath>
      <itemPath>src/spice.h</itemPath>
      <itemPath>src/thresholdaccept.h</itemPath>
      <itemPath>src/util.h</itemPath>
      <itemPath>src/verilog.cpp</itemPath>
      <itemPath>src/verilog.h</itemPath>
      <itemPath>src/wxabout.cpp</itemPath>
      <itemPath>src/wxabout.h</itemPath>
      <itemPath>src/wxautocell.cpp</itemPath>
      <itemPath>src/wxautocell.h</itemPath>
      <itemPath>src/wxcircuit.cpp</itemPath>
      <itemPath>src/wxcircuit.h</itemPath>
      <itemPath>src/wxfp.cpp</itemPath>
      <itemPath>src/wxfp.h</itemPath>
      <itemPath>src/wxinterface.cpp</itemPath>
      <itemPath>src/wxinterface.h</itemPath>
      <itemPath>src/wxpreferences.cpp</itemPath>
      <itemPath>src/wxpreferences.h</itemPath>
      <itemPath>src/wxrules.cpp</itemPath>
      <itemPath>src/wxrules.h</itemPath>
    </logicalFolder>
    <logicalFolder name="TestFiles"
                   displayName="Test Files"
                   projectFiles="false"
                   kind="TEST_LOGICAL_FOLDER">
    </logicalFolder>
    <logicalFolder name="ExternalFiles"
                   displayName="Important Files"
                   projectFiles="false"
                   kind="IMPORTANT_FILES_FOLDER">
      <itemPath>Makefile</itemPath>
    </logicalFolder>
  </logicalFolder>
  <sourceRootList>
    <Elem>/Users/adrieljr/Dropbox/Astran/src</Elem>
  </sourceRootList>
  <projectmakefile>Makefile</projectmakefile>
  <confs>
    <conf name="Debug" type="1">
      <toolsSet>
        <compilerSet>default</compilerSet>
        <dependencyChecking>true</dependencyChecking>
        <rebuildPropChanged>false</rebuildPropChanged>
      </toolsSet>
      <compileType>
        <ccTool>
          <commandLine>`wx-config --cppflags` -Wno-deprecated</commandLine>
        </ccTool>
        <linkerTool>
          <output>build/bin/Astran.app/Contents/MacOS/Astran</output>
          <commandLine>`wx-config --libs`</commandLine>
        </linkerTool>
      </compileType>
      <item path="src/autocell2.cpp" ex="false" tool="1" flavor2="0">
      </item>
      <item path="src/autocell2.h" ex="false" tool="3" flavor2="0">
      </item>
      <item path="src/cellnetlst.cpp" ex="false" tool="1" flavor2="0">
      </item>
      <item path="src/cellnetlst.h" ex="false" tool="3" flavor2="0">
      </item>
      <item path="src/cif.cpp" ex="false" tool="1" flavor2="0">
      </item>
      <item path="src/cif.h" ex="false" tool="3" flavor2="0">
      </item>
      <item path="src/circuit.cpp" ex="false" tool="1" flavor2="0">
      </item>
      <item path="src/circuit.h" ex="false" tool="3" flavor2="0">
      </item>
      <item path="src/clayout.cpp" ex="false" tool="1" flavor2="0">
      </item>
      <item path="src/clayout.h" ex="false" tool="3" flavor2="0">
      </item>
      <item path="src/compaction.cpp" ex="false" tool="1" flavor2="0">
      </item>
      <item path="src/compaction.h" ex="false" tool="3" flavor2="0">
      </item>
      <item path="src/designmng.cpp" ex="false" tool="1" flavor2="0">
      </item>
      <item path="src/designmng.h" ex="false" tool="3" flavor2="0">
      </item>
      <item path="src/draw.cpp" ex="false" tool="1" flavor2="0">
      </item>
      <item path="src/draw.h" ex="false" tool="3" flavor2="0">
      </item>
      <item path="src/gds.cpp" ex="false" tool="1" flavor2="0">
      </item>
      <item path="src/gds.h" ex="false" tool="3" flavor2="0">
      </item>
      <item path="src/icpdApp.cpp" ex="false" tool="1" flavor2="0">
      </item>
      <item path="src/icpdApp.h" ex="false" tool="3" flavor2="0">
      </item>
      <item path="src/icpdfrm.cpp" ex="false" tool="1" flavor2="0">
      </item>
      <item path="src/icpdfrm.h" ex="false" tool="3" flavor2="0">
      </item>
      <item path="src/lef.cpp" ex="false" tool="1" flavor2="0">
      </item>
      <item path="src/lef.h" ex="false" tool="3" flavor2="0">
      </item>
      <item path="src/pathfinder.cpp" ex="false" tool="1" flavor2="0">
      </item>
      <item path="src/pathfinder.h" ex="false" tool="3" flavor2="0">
      </item>
      <item path="src/pathfinder2.cpp" ex="false" tool="1" flavor2="0">
      </item>
      <item path="src/pathfinder2.h" ex="false" tool="3" flavor2="0">
      </item>
      <item path="src/placer.cpp" ex="false" tool="1" flavor2="0">
      </item>
      <item path="src/placer.h" ex="false" tool="3" flavor2="0">
      </item>
      <item path="src/router.cpp" ex="false" tool="1" flavor2="0">
      </item>
      <item path="src/router.h" ex="false" tool="3" flavor2="0">
      </item>
      <item path="src/rules.cpp" ex="false" tool="1" flavor2="0">
      </item>
      <item path="src/rules.h" ex="false" tool="3" flavor2="0">
      </item>
      <item path="src/spice.cpp" ex="false" tool="1" flavor2="0">
      </item>
      <item path="src/spice.h" ex="false" tool="3" flavor2="0">
      </item>
      <item path="src/thresholdaccept.h" ex="false" tool="3" flavor2="0">
      </item>
      <item path="src/util.h" ex="false" tool="3" flavor2="0">
      </item>
      <item path="src/verilog.cpp" ex="false" tool="1" flavor2="0">
      </item>
      <item path="src/verilog.h" ex="false" tool="3" flavor2="0">
      </item>
      <item path="src/wxabout.cpp" ex="false" tool="1" flavor2="0">
      </item>
      <item path="src/wxabout.h" ex="false" tool="3" flavor2="0">
      </item>
      <item path="src/wxautocell.cpp" ex="false" tool="1" flavor2="0">
      </item>
      <item path="src/wxautocell.h" ex="false" tool="3" flavor2="0">
      </item>
      <item path="src/wxcircuit.cpp" ex="false" tool="1" flavor2="0">
      </item>
      <item path="src/wxcircuit.h" ex="false" tool="3" flavor2="0">
      </item>
      <item path="src/wxfp.cpp" ex="false" tool="1" flavor2="0">
      </item>
      <item path="src/wxfp.h" ex="false" tool="3" flavor2="0">
      </item>
      <item path="src/wxinterface.cpp" ex="false" tool="1" flavor2="0">
      </item>
      <item path="src/wxinterface.h" ex="false" tool="3" flavor2="0">
      </item>
      <item path="src/wxpreferences.cpp" ex="false" tool="1" flavor2="0">
      </item>
      <item path="src/wxpreferences.h" ex="false" tool="3" flavor2="0">
      </item>
      <item path="src/wxrules.cpp" ex="false" tool="1" flavor2="0">
      </item>
      <item path="src/wxrules.h" ex="false" tool="3" flavor2="0">
      </item>
    </conf>
    <conf name="Release" type="1">
      <toolsSet>
        <compilerSet>default</compilerSet>
        <dependencyChecking>true</dependencyChecking>
        <rebuildPropChanged>false</rebuildPropChanged>
      </toolsSet>
      <compileType>
        <cTool>
          <developmentMode>5</developmentMode>
        </cTool>
        <ccTool>
          <developmentMode>5</developmentMode>
          <commandLine>`wx-config --debug=no --cppflags` -Wno-deprecated</commandLine>
        </ccTool>
        <fortranCompilerTool>
          <developmentMode>5</developmentMode>
        </fortranCompilerTool>
        <asmTool>
          <developmentMode>5</developmentMode>
        </asmTool>
        <linkerTool>
          <output>build/bin/Astran.app/Contents/MacOS/Astran</output>
          <commandLine>`wx-config --libs`</commandLine>
        </linkerTool>
      </compileType>
      <item path="src/autocell2.cpp" ex="false" tool="1" flavor2="0">
      </item>
      <item path="src/autocell2.h" ex="false" tool="3" flavor2="0">
      </item>
      <item path="src/cellnetlst.cpp" ex="false" tool="1" flavor2="0">
      </item>
      <item path="src/cellnetlst.h" ex="false" tool="3" flavor2="0">
      </item>
      <item path="src/cif.cpp" ex="false" tool="1" flavor2="0">
      </item>
      <item path="src/cif.h" ex="false" tool="3" flavor2="0">
      </item>
      <item path="src/circuit.cpp" ex="false" tool="1" flavor2="0">
      </item>
      <item path="src/circuit.h" ex="false" tool="3" flavor2="0">
      </item>
      <item path="src/clayout.cpp" ex="false" tool="1" flavor2="0">
      </item>
      <item path="src/clayout.h" ex="false" tool="3" flavor2="0">
      </item>
      <item path="src/compaction.cpp" ex="false" tool="1" flavor2="0">
      </item>
      <item path="src/compaction.h" ex="false" tool="3" flavor2="0">
      </item>
      <item path="src/designmng.cpp" ex="false" tool="1" flavor2="0">
      </item>
      <item path="src/designmng.h" ex="false" tool="3" flavor2="0">
      </item>
      <item path="src/draw.cpp" ex="false" tool="1" flavor2="0">
      </item>
      <item path="src/draw.h" ex="false" tool="3" flavor2="0">
      </item>
      <item path="src/gds.cpp" ex="false" tool="1" flavor2="0">
      </item>
      <item path="src/gds.h" ex="false" tool="3" flavor2="0">
      </item>
      <item path="src/icpdApp.cpp" ex="false" tool="1" flavor2="0">
      </item>
      <item path="src/icpdApp.h" ex="false" tool="3" flavor2="0">
      </item>
      <item path="src/icpdfrm.cpp" ex="false" tool="1" flavor2="0">
      </item>
      <item path="src/icpdfrm.h" ex="false" tool="3" flavor2="0">
      </item>
      <item path="src/lef.cpp" ex="false" tool="1" flavor2="0">
      </item>
      <item path="src/lef.h" ex="false" tool="3" flavor2="0">
      </item>
      <item path="src/pathfinder.cpp" ex="false" tool="1" flavor2="0">
      </item>
      <item path="src/pathfinder.h" ex="false" tool="3" flavor2="0">
      </item>
      <item path="src/pathfinder2.cpp" ex="false" tool="1" flavor2="0">
      </item>
      <item path="src/pathfinder2.h" ex="false" tool="3" flavor2="0">
      </item>
      <item path="src/placer.cpp" ex="false" tool="1" flavor2="0">
      </item>
      <item path="src/placer.h" ex="false" tool="3" flavor2="0">
      </item>
      <item path="src/router.cpp" ex="false" tool="1" flavor2="0">
      </item>
      <item path="src/router.h" ex="false" tool="3" flavor2="0">
      </item>
      <item path="src/rules.cpp" ex="false" tool="1" flavor2="0">
      </item>
      <item path="src/rules.h" ex="false" tool="3" flavor2="0">
      </item>
      <item path="src/spice.cpp" ex="false" tool="1" flavor2="0">
      </item>
      <item path="src/spice.h" ex="false" tool="3" flavor2="0">
      </item>
      <item path="src/thresholdaccept.h" ex="false" tool="3" flavor2="0">
      </item>
      <item path="src/util.h" ex="false" tool="3" flavor2="0">
      </item>
      <item path="src/verilog.cpp" ex="false" tool="1" flavor2="0">
      </item>
      <item path="src/verilog.h" ex="false" tool="3" flavor2="0">
      </item>
      <item path="src/wxabout.cpp" ex="false" tool="1" flavor2="0">
      </item>
      <item path="src/wxabout.h" ex="false" tool="3" flavor2="0">
      </item>
      <item path="src/wxautocell.cpp" ex="false" tool="1" flavor2="0">
      </item>
      <item path="src/wxautocell.h" ex="false" tool="3" flavor2="0">
      </item>
      <item path="src/wxcircuit.cpp" ex="false" tool="1" flavor2="0">
      </item>
      <item path="src/wxcircuit.h" ex="false" tool="3" flavor2="0">
      </item>
      <item path="src/wxfp.cpp" ex="false" tool="1" flavor2="0">
      </item>
      <item path="src/wxfp.h" ex="false" tool="3" flavor2="0">
      </item>
      <item path="src/wxinterface.cpp" ex="false" tool="1" flavor2="0">
      </item>
      <item path="src/wxinterface.h" ex="false" tool="3" flavor2="0">
      </item>
      <item path="src/wxpreferences.cpp" ex="false" tool="1" flavor2="0">
      </item>
      <item path="src/wxpreferences.h" ex="false" tool="3" flavor2="0">
      </item>
      <item path="src/wxrules.cpp" ex="false" tool="1" flavor2="0">
      </item>
      <item path="src/wxrules.h" ex="false" tool="3" flavor2="0">
      </item>
    </conf>
  </confs>
</configurationDescriptor>
