| designOverallArea | saveArea | saveRatio | patternCnt | patternSize | patternCoverage | patternName | patternCode |
| 12600.067599999471 | 989.1840000000009 | 8.227578570820063 | 161 | 8 | 1288 | COMPLEX24 | [NAND3X1,NAND3X1,NAND3X1,NAND3X1]+c1i0NAND2X1+c1i0NAND2X1+c2i0NAND2X1+c2i0NAND2X1 |
| 12600.067599999471 | 824.3200000000002 | 6.85631547568338 | 161 | 7 | 1127 | COMPLEX23 | [NAND3X1,NAND3X1,NAND3X1,NAND3X1]+c1i0NAND2X1+c1i0NAND2X1+c2i0NAND2X1 |
| 12600.067599999471 | 741.888 | 6.170683928115041 | 161 | 6 | 966 | COMPLEX22 | [NAND3X1,NAND3X1,NAND3X1,NAND3X1]+c1i0NAND2X1+c1i0NAND2X1 |
| 12600.067599999471 | 577.0240000000002 | 4.799420832978367 | 161 | 5 | 805 | COMPLEX21 | [NAND3X1,NAND3X1,NAND3X1,NAND3X1]+c1i0NAND2X1 |
| 12600.067599999471 | 412.1600000000001 | 3.42815773784169 | 161 | 4 | 644 | COMPLEX6 | [NAND3X1,NAND3X1,NAND3X1,NAND3X1] |
| 12600.067599999471 | 374.7840000000001 | 3.1172813218635 | 122 | 5 | 610 | COMPLEX8 | [AOI22X1,NAND2X1,AOI21X1,NAND2X1,AOI21X1] |
