| designOverallArea | saveArea | saveRatio | patternCnt | patternSize | patternCoverage | patternName | patternCode |
| 10875.309539999746 | 315.392 | 3.047694438947127 | 77 | 6 | 462 | COMPLEX22 | [AOI22X1,NAND2X1,AOI21X1,NAND2X1,AOI21X1]+c0o0_NAND3X1 |
| 10875.309539999746 | 270.33600000000007 | 2.612309519097538 | 88 | 5 | 440 | COMPLEX9 | [AOI22X1,NAND2X1,AOI21X1,NAND2X1,AOI21X1] |
| 10875.309539999746 | 258.56000000000006 | 2.4985157332277588 | 101 | 4 | 404 | COMPLEX7 | [NAND3X1,NAND3X1,NAND3X1,NAND3X1] |
| 10875.309539999746 | 233.47200000000007 | 2.2560854937660557 | 76 | 5 | 380 | COMPLEX11 | [AOI22X1,AOI21X1,NAND2X1,NAND2X1,AOI21X1] |
