| designOverallArea | saveArea | saveRatio | patternCnt | patternSize | patternCoverage | patternName | patternCode |
| 5853.660580000158 | 655.3600000000006 | 12.112036336109094 | 256 | 4 | 1024 | COMPLEX1 | [NAND3X1,AOI22X1,NAND2X1,NAND2X1] |
| 5853.660580000158 | 297.4720000000001 | 5.497728993187016 | 83 | 5 | 415 | COMPLEX17 | [NAND3X1,AOI22X1,NAND2X1,NAND2X1]+c0o0_OAI21X1 |
| 5853.660580000158 | 149.504 | 2.7630582891748845 | 73 | 3 | 219 | COMPLEX9 | [NOR2X1,OAI21X1,OAI21X1] |
| 5853.660580000158 | 30.71999999999992 | 0.5677517032551119 | 60 | 3 | 180 | COMPLEX5 | [MUX2X1,INVX1,INVX1] |
